Handle,Title,Body (HTML),Vendor,Product Category,Type,Tags,Published,Option1 Name,Option1 Value,Option2 Name,Option2 Value,Option3 Name,Option3 Value,Variant SKU,Variant Grams,Variant Inventory Tracker,Variant Inventory Qty,Variant Inventory Policy,Variant Fulfillment Service,Variant Price,Variant Compare At Price,Variant Requires Shipping,Variant Taxable,Variant Barcode,Image Src,Image Position,Image Alt Text,Gift Card,SEO Title,SEO Description,Google Shopping / Google Product Category,Google Shopping / Gender,Google Shopping / Age Group,Google Shopping / MPN,Google Shopping / Condition,Google Shopping / Custom Product,Google Shopping / Custom Label 0,Google Shopping / Custom Label 1,Google Shopping / Custom Label 2,Google Shopping / Custom Label 3,Google Shopping / Custom Label 4,Variant Image,Variant Weight Unit,Variant Tax Code,Cost per item,Status
5-minutes-guided-daisy-journal,The Daisy Journal — 5-Minute Habit Journal,"<p><strong>Quiet morning overthinking and start your day with calm clarity.</strong></p>
<p>A quiet morning for a noisy mind. Calibrated 5-minute prompts calm morning overthinking, anchor your day in quiet intention, and preserve the moments cameras miss.</p>

<h3>IntelligentLab Research Highlight</h3>
<p><em>9/10 people build a lasting habit of daily journaling using this researched question format.</em> Scientifically calibrated morning and evening questions remove blank-page overwhelm and make reflection effortless.</p>

<h3>Key Benefits</h3>
<ul>
  <li><strong>Morning Mental Reset (3 Mins):</strong> Replaces early morning phone scrolling and anxiety with intentional clarity before work begins.</li>
  <li><strong>Evening Decompression (2 Mins):</strong> Unburdens daily stress, acknowledges one quiet win, and helps your mind power down for peaceful sleep.</li>
  <li><strong>No Blank-Page Pressure:</strong> Researched prompts guide your thoughts directly—you never sit wondering what to write.</li>
  <li><strong>Your Real Life Preserved:</strong> A permanent keepsake of who you were, how you felt, and the small everyday moments phones never capture.</li>
</ul>

<h3>Specifications</h3>
<ul>
  <li><strong>Daily Commitment:</strong> Just 5 Minutes (3 mins morning, 2 mins evening)</li>
  <li><strong>Primary Benefit:</strong> Quiets morning overthinking & stops phone doomscrolling</li>
  <li><strong>Habit Success Rate:</strong> 9 out of 10 people build a lasting daily habit</li>
  <li><strong>Prompt System:</strong> IntelligentLab researched questions that remove blank-page dread</li>
  <li><strong>Keepsake Value:</strong> Preserves 6 months of your real thoughts and personal growth</li>
  <li><strong>Peace of Mind:</strong> Hassle-Free 7-Day Returns</li>
</ul>

<h3>Features</h3>
<ul>
  <li>Questions inside developed by IntelligentLab to eliminate blank-page dread</li>
  <li>9/10 people build a lasting daily habit with this 5-minute format</li>
  <li>Morning Reflection: Three things worth noticing & daily intention (3 mins)</li>
  <li>Evening Reflection: A quiet win & releasing daily worries (2 mins)</li>
  <li>Replaces screen fatigue with 5 quiet minutes of daily mental space</li>
  <li>Opens completely flat on your desk for effortless writing</li>
  <li>Hassle-Free 7-Day Returns if you change your mind</li>
</ul>

<p><strong>Shipping:</strong> Free express courier delivery across India via BlueDart and Delhivery.</p>
<p><strong>Returns:</strong> Hassle-free 7-day returns if you change your mind.</p>",JOURNALY,Office Supplies > Stationery & Notebooks > Notebooks & Notepads,Guided Journal,"journal, 5-minute habit, IntelligentLab, guided, India, stationery, self-care",true,Title,Default Title,,,,,daisy-guided-journal,350,shopify,50,deny,manual,599.00,799.00,true,true,,https://raw.githubusercontent.com/notSaiful/journaly/main/public/images/journal-daisy-front.jpg,1,The Daisy Journal cover - JOURNALY,false,The Daisy Journal (₹599) | JOURNALY,Researched daily questions by IntelligentLab to help you build a habit and record your life in 5 minutes. Free express delivery across India with 7-day returns.,,,,,new,,,,,,,,g,,,active
5-minutes-guided-daisy-journal,,,,,,,,,,,,,,,,,,,,,,,,,https://raw.githubusercontent.com/notSaiful/journaly/main/public/images/journal-daisy-coffee-desk.jpg,2,The Daisy Journal angle 2 - JOURNALY,,,,,,,,,,,,,,,,,,,
5-minutes-guided-daisy-journal,,,,,,,,,,,,,,,,,,,,,,,,,https://raw.githubusercontent.com/notSaiful/journaly/main/public/images/journal-daisy-gift-box.jpg,3,The Daisy Journal angle 3 - JOURNALY,,,,,,,,,,,,,,,,,,,
5-minutes-guided-daisy-journal,,,,,,,,,,,,,,,,,,,,,,,,,https://raw.githubusercontent.com/notSaiful/journaly/main/public/images/journal-daisy-angle.jpg,4,The Daisy Journal angle 4 - JOURNALY,,,,,,,,,,,,,,,,,,,
5-minutes-guided-daisy-journal,,,,,,,,,,,,,,,,,,,,,,,,,https://raw.githubusercontent.com/notSaiful/journaly/main/public/images/journal-daisy-hands.jpg,5,The Daisy Journal angle 5 - JOURNALY,,,,,,,,,,,,,,,,,,,
5-minutes-gratitude-journal,The Bloom Journal — 5-Minute Habit Journal,"<p><strong>A peaceful, unhurried way to notice what is already good in your life.</strong></p>
<p>Notice what is already good. Five unhurried daily minutes to release mental stress, appreciate the present, and build an enduring keepsake of your real thoughts.</p>

<h3>IntelligentLab Research Highlight</h3>
<p><em>9/10 people successfully sustain a daily reflection practice using this framework.</em> Grounded prompts train your mind to notice what is already working well before the day disappears.</p>

<h3>Key Benefits</h3>
<ul>
  <li><strong>Shifts Focus from Stress to Contentment:</strong> Trains your attention to notice small good moments every day rather than dwelling on what went wrong.</li>
  <li><strong>Effortless 5-Minute Routine:</strong> Short, grounded prompts that fit into chai time or right before turning off the lights.</li>
  <li><strong>Emotional Resilience:</strong> Proven to lower end-of-day burnout and bring mental groundedness during hectic weeks.</li>
  <li><strong>Keeps Memories Alive:</strong> Preserves the simple joys with family, friends, and everyday life that fade from memory.</li>
</ul>

<h3>Specifications</h3>
<ul>
  <li><strong>Daily Commitment:</strong> Just 5 Minutes (Morning & Evening)</li>
  <li><strong>Primary Benefit:</strong> Relieves daily mental stress & anchors daily gratitude</li>
  <li><strong>Habit Success Rate:</strong> 9 out of 10 people sustain a consistent reflection habit</li>
  <li><strong>Prompt System:</strong> IntelligentLab gratitude framework for effortless reflection</li>
  <li><strong>Keepsake Value:</strong> Captures half a year of meaningful personal memories</li>
  <li><strong>Peace of Mind:</strong> Hassle-Free 7-Day Returns</li>
</ul>

<h3>Features</h3>
<ul>
  <li>IntelligentLab research-backed questions that make gratitude easy and natural</li>
  <li>9/10 users build a consistent daily habit without skipping or burnout</li>
  <li>Morning: Notice three small things already good & set your mindset</li>
  <li>Evening: Capture what made today memorable and release fatigue</li>
  <li>Creates a soothing pocket of calm in your daily schedule</li>
  <li>Lays completely flat on your desk or lap for effortless writing</li>
  <li>Hassle-Free 7-Day Returns if you change your mind</li>
</ul>

<p><strong>Shipping:</strong> Free express courier delivery across India via BlueDart and Delhivery.</p>
<p><strong>Returns:</strong> Hassle-free 7-day returns if you change your mind.</p>",JOURNALY,Office Supplies > Stationery & Notebooks > Notebooks & Notepads,Gratitude Journal,"journal, 5-minute habit, IntelligentLab, gratitude, India, stationery, self-care",true,Title,Default Title,,,,,gratitude-journal,350,shopify,50,deny,manual,349.00,499.00,true,true,,https://raw.githubusercontent.com/notSaiful/journaly/main/public/images/journal-floral-front.png,1,The Bloom Journal cover - JOURNALY,false,The Bloom Journal (₹349) | JOURNALY,Daily gratitude framework by IntelligentLab for habit building & peace of mind. Free express delivery across India with 7-day returns.,,,,,new,,,,,,,,g,,,active
5-minutes-gratitude-journal,,,,,,,,,,,,,,,,,,,,,,,,,https://raw.githubusercontent.com/notSaiful/journaly/main/public/images/journal-floral-coffee-desk.png,2,The Bloom Journal angle 2 - JOURNALY,,,,,,,,,,,,,,,,,,,
5-minutes-gratitude-journal,,,,,,,,,,,,,,,,,,,,,,,,,https://raw.githubusercontent.com/notSaiful/journaly/main/public/images/journal-floral-stand.png,3,The Bloom Journal angle 3 - JOURNALY,,,,,,,,,,,,,,,,,,,
5-minutes-gratitude-journal,,,,,,,,,,,,,,,,,,,,,,,,,https://raw.githubusercontent.com/notSaiful/journaly/main/public/images/journal-floral-top.png,4,The Bloom Journal angle 4 - JOURNALY,,,,,,,,,,,,,,,,,,,
5-minutes-gratitude-journal,,,,,,,,,,,,,,,,,,,,,,,,,https://raw.githubusercontent.com/notSaiful/journaly/main/public/images/journal-floral-hands.png,5,The Bloom Journal angle 5 - JOURNALY,,,,,,,,,,,,,,,,,,,
5-minutes-gratitude-journal,,,,,,,,,,,,,,,,,,,,,,,,,https://raw.githubusercontent.com/notSaiful/journaly/main/public/images/journal-floral-gift-box.png,6,The Bloom Journal angle 6 - JOURNALY,,,,,,,,,,,,,,,,,,,
5-minutes-manifestation-journal,The Coral Intention — 5-Minute Habit Journal,"<p><strong>Turn abstract desires into clear daily forward momentum and self-trust.</strong></p>
<p>Turn abstract desires into quiet, focused daily forward momentum. Structured prompts help you choose what matters each morning and build unshakeable self-trust.</p>

<h3>IntelligentLab Research Highlight</h3>
<p><em>9/10 people build a daily habit of intentional goal alignment using this framework.</em> Replaces scattered morning anxiety with calm, focused forward momentum in just 5 minutes.</p>

<h3>Key Benefits</h3>
<ul>
  <li><strong>Single-Priority Clarity:</strong> Cuts through endless to-do list panic by pinpointing your highest-leverage focus each morning.</li>
  <li><strong>Builds Unshakeable Self-Trust:</strong> Daily check-ins turn vague goals into micro-actions you actually complete and celebrate.</li>
  <li><strong>Tracks Invisible Progress:</strong> Review weekly progress and see clear proof of personal and professional forward movement.</li>
  <li><strong>Protects Your Energy:</strong> Helps you say no to distractions by keeping what truly matters front and center.</li>
</ul>

<h3>Specifications</h3>
<ul>
  <li><strong>Daily Commitment:</strong> Just 5 Minutes Daily</li>
  <li><strong>Primary Benefit:</strong> Translates big dreams into focused, high-leverage daily action</li>
  <li><strong>Habit Success Rate:</strong> 9 out of 10 people build lasting consistency without burnout</li>
  <li><strong>Prompt System:</strong> IntelligentLab intentional focus framework</li>
  <li><strong>Keepsake Value:</strong> A clear record of your personal transformation and growth</li>
  <li><strong>Peace of Mind:</strong> Hassle-Free 7-Day Returns</li>
</ul>

<h3>Features</h3>
<ul>
  <li>Researched prompts by IntelligentLab to turn abstract desires into daily focus</li>
  <li>9/10 people build a lasting daily journaling habit with this format</li>
  <li>Morning: Intentional focus, high-impact priority, and clear self-trust</li>
  <li>Evening: Evidence of progress, micro-wins, and mental peace</li>
  <li>Eliminates overwhelm and brings crisp mental direction</li>
  <li>180° lay-flat design for comfortable writing</li>
  <li>Hassle-Free 7-Day Returns if you change your mind</li>
</ul>

<p><strong>Shipping:</strong> Free express courier delivery across India via BlueDart and Delhivery.</p>
<p><strong>Returns:</strong> Hassle-free 7-day returns if you change your mind.</p>",JOURNALY,Office Supplies > Stationery & Notebooks > Notebooks & Notepads,Guided Journal,"journal, 5-minute habit, IntelligentLab, focus, India, stationery, self-care",true,Title,Default Title,,,,,manifestation-journal,350,shopify,50,deny,manual,499.00,699.00,true,true,,https://raw.githubusercontent.com/notSaiful/journaly/main/public/images/journal-manifest-coral-front.jpg,1,The Coral Intention cover - JOURNALY,false,The Coral Intention (₹499) | JOURNALY,Daily focus & clarity questions provided by IntelligentLab to align your day. Free express delivery across India with 7-day returns.,,,,,new,,,,,,,,g,,,active
5-minutes-manifestation-journal,,,,,,,,,,,,,,,,,,,,,,,,,https://raw.githubusercontent.com/notSaiful/journaly/main/public/images/journal-manifest-coral-angle.jpg,2,The Coral Intention angle 2 - JOURNALY,,,,,,,,,,,,,,,,,,,
5-minutes-manifestation-journal,,,,,,,,,,,,,,,,,,,,,,,,,https://raw.githubusercontent.com/notSaiful/journaly/main/public/images/journal-manifest-coral-coffee-desk.jpg,3,The Coral Intention angle 3 - JOURNALY,,,,,,,,,,,,,,,,,,,
5-minutes-manifestation-journal,,,,,,,,,,,,,,,,,,,,,,,,,https://raw.githubusercontent.com/notSaiful/journaly/main/public/images/journal-manifest-coral-hands.jpg,4,The Coral Intention angle 4 - JOURNALY,,,,,,,,,,,,,,,,,,,
5-minutes-manifestation-journal,,,,,,,,,,,,,,,,,,,,,,,,,https://raw.githubusercontent.com/notSaiful/journaly/main/public/images/journal-manifest-coral-gift-box.jpg,5,The Coral Intention angle 5 - JOURNALY,,,,,,,,,,,,,,,,,,,
5-minutes-guided-diary-blush-bloom,The Calm Haven — 5-Minute Habit Journal,"<p><strong>A beautiful and calm place to capture your memories.</strong></p>
<p>A beautiful and calm place to capture your memories. An unhurried sanctuary to quiet overthinking, celebrate small moments, and record your life.</p>

<h3>IntelligentLab Research Highlight</h3>
<p><em>9/10 people build a lasting habit of daily reflection using this calibrated question format.</em> Calibrated morning and evening prompts eliminate blank-page dread and make daily reflection feel like a peaceful sanctuary.</p>

<h3>Key Benefits</h3>
<ul>
  <li><strong>Morning Mental Reset (3 Mins):</strong> Replaces early morning phone scrolling and anxiety with intentional clarity before work begins.</li>
  <li><strong>Evening Decompression (2 Mins):</strong> Unburdens daily stress, acknowledges one quiet win, and helps your mind power down for peaceful sleep.</li>
  <li><strong>No Blank-Page Pressure:</strong> Researched prompts guide your thoughts directly—you never sit wondering what to write.</li>
  <li><strong>Your Real Life Preserved:</strong> A permanent keepsake of who you were, how you felt, and the small everyday moments phones never capture.</li>
</ul>

<h3>Specifications</h3>
<ul>
  <li><strong>Daily Commitment:</strong> Just 5 Minutes (3 mins morning, 2 mins evening)</li>
  <li><strong>Primary Benefit:</strong> Calm memory capture & quiets morning overthinking</li>
  <li><strong>Habit Success Rate:</strong> 9 out of 10 people build a lasting daily habit</li>
  <li><strong>Prompt System:</strong> IntelligentLab researched questions that remove blank-page dread</li>
  <li><strong>Keepsake Value:</strong> Preserves 6 months of your real thoughts and personal growth</li>
  <li><strong>Peace of Mind:</strong> Hassle-Free 7-Day Returns</li>
</ul>

<h3>Features</h3>
<ul>
  <li>Questions inside developed by IntelligentLab to eliminate blank-page dread</li>
  <li>9/10 people build a lasting daily habit with this 5-minute format</li>
  <li>Morning Reflection: Three things worth noticing & daily intention (3 mins)</li>
  <li>Evening Reflection: A quiet win & releasing daily worries (2 mins)</li>
  <li>Creates a peaceful sanctuary on your desk every single day</li>
  <li>Lays completely flat for comfortable writing</li>
  <li>Hassle-Free 7-Day Returns if you change your mind</li>
</ul>

<p><strong>Shipping:</strong> Free express courier delivery across India via BlueDart and Delhivery.</p>
<p><strong>Returns:</strong> Hassle-free 7-day returns if you change your mind.</p>",JOURNALY,Office Supplies > Stationery & Notebooks > Notebooks & Notepads,Guided Journal,"journal, 5-minute habit, IntelligentLab, guided, India, stationery, self-care",true,Title,Default Title,,,,,blush-guided-diary,350,shopify,50,deny,manual,599.00,799.00,true,true,,https://raw.githubusercontent.com/notSaiful/journaly/main/public/images/journal-guided-blush-front.jpg,1,The Calm Haven cover - JOURNALY,false,The Calm Haven (₹599) | JOURNALY,Researched questions by IntelligentLab to help you build a habit and record your life in 5 minutes. Free express delivery across India with 7-day returns.,,,,,new,,,,,,,,g,,,active
5-minutes-guided-diary-blush-bloom,,,,,,,,,,,,,,,,,,,,,,,,,https://raw.githubusercontent.com/notSaiful/journaly/main/public/images/journal-guided-blush-coffee-desk.jpg,2,The Calm Haven angle 2 - JOURNALY,,,,,,,,,,,,,,,,,,,
5-minutes-guided-diary-blush-bloom,,,,,,,,,,,,,,,,,,,,,,,,,https://raw.githubusercontent.com/notSaiful/journaly/main/public/images/journal-guided-blush-flatlay.jpg,3,The Calm Haven angle 3 - JOURNALY,,,,,,,,,,,,,,,,,,,
5-minutes-guided-diary-blush-bloom,,,,,,,,,,,,,,,,,,,,,,,,,https://raw.githubusercontent.com/notSaiful/journaly/main/public/images/journal-guided-blush-angle.jpg,4,The Calm Haven angle 4 - JOURNALY,,,,,,,,,,,,,,,,,,,
5-minutes-guided-diary-blush-bloom,,,,,,,,,,,,,,,,,,,,,,,,,https://raw.githubusercontent.com/notSaiful/journaly/main/public/images/journal-guided-blush-laying.jpg,5,The Calm Haven angle 5 - JOURNALY,,,,,,,,,,,,,,,,,,,
5-minutes-guided-diary-contour-noir,The Contour Diary — 5-Minute Habit Journal,"<p><strong>Express your feelings, because here nobody’s gonna judge you.</strong></p>
<p>Express your feelings, because here nobody is going to judge you. A judgment-free space for raw mental offload, honest decompression, and authentic reflection.</p>

<h3>IntelligentLab Research Highlight</h3>
<p><em>9/10 people build a daily habit of emotional clarity and honest reflection.</em> Structured questions remove the need to sound poetic or profound—allowing for pure, honest mental decompression.</p>

<h3>Key Benefits</h3>
<ul>
  <li><strong>Judgment-Free Mental Offload:</strong> A private container to express uncensored thoughts and release cognitive weight without performance anxiety.</li>
  <li><strong>5-Minute Daily Anchor:</strong> 3 minutes to clear morning brain fog; 2 minutes to close the loop on workday tension.</li>
  <li><strong>No Blank-Page Dread:</strong> IntelligentLab prompt calibrations give your mind immediate structure so you never stare at empty lines.</li>
  <li><strong>The Raw Record of Your Journey:</strong> Captures the challenges, milestones, and authentic emotional shifts of your life journey.</li>
</ul>

<h3>Specifications</h3>
<ul>
  <li><strong>Daily Commitment:</strong> Just 5 Minutes (3 mins morning, 2 mins evening)</li>
  <li><strong>Primary Benefit:</strong> Raw mental offload & stops evening overthinking</li>
  <li><strong>Habit Success Rate:</strong> 9 out of 10 people build a lasting daily habit</li>
  <li><strong>Prompt System:</strong> IntelligentLab researched questions that remove blank-page dread</li>
  <li><strong>Keepsake Value:</strong> Preserves 6 months of your genuine life story</li>
  <li><strong>Peace of Mind:</strong> Hassle-Free 7-Day Returns</li>
</ul>

<h3>Features</h3>
<ul>
  <li>Questions inside developed by IntelligentLab to eliminate blank-page dread</li>
  <li>9/10 people build a lasting daily habit with this 5-minute format</li>
  <li>Morning Reflection: Three things worth noticing & daily intention (3 mins)</li>
  <li>Evening Reflection: A quiet win & releasing daily worries (2 mins)</li>
  <li>A completely private, unjudged mental sanctuary</li>
  <li>Lays flat for effortless journaling at your desk or bedside</li>
  <li>Hassle-Free 7-Day Returns if you change your mind</li>
</ul>

<p><strong>Shipping:</strong> Free express courier delivery across India via BlueDart and Delhivery.</p>
<p><strong>Returns:</strong> Hassle-free 7-day returns if you change your mind.</p>",JOURNALY,Office Supplies > Stationery & Notebooks > Notebooks & Notepads,Guided Journal,"journal, 5-minute habit, IntelligentLab, guided, India, stationery, self-care",true,Title,Default Title,,,,,noir-guided-diary,350,shopify,50,deny,manual,599.00,799.00,true,true,,https://raw.githubusercontent.com/notSaiful/journaly/main/public/images/journal-guided-noir-front.jpg,1,The Contour Diary cover - JOURNALY,false,The Contour Diary (₹599) | JOURNALY,"Researched questions by IntelligentLab designed for raw, judgment-free daily decompression. Free express delivery across India with 7-day returns.",,,,,new,,,,,,,,g,,,active
5-minutes-guided-diary-contour-noir,,,,,,,,,,,,,,,,,,,,,,,,,https://raw.githubusercontent.com/notSaiful/journaly/main/public/images/journal-guided-noir-coffee-desk.jpg,2,The Contour Diary angle 2 - JOURNALY,,,,,,,,,,,,,,,,,,,
5-minutes-guided-diary-contour-noir,,,,,,,,,,,,,,,,,,,,,,,,,https://raw.githubusercontent.com/notSaiful/journaly/main/public/images/journal-guided-noir-angle.jpg,3,The Contour Diary angle 3 - JOURNALY,,,,,,,,,,,,,,,,,,,
5-minutes-guided-diary-contour-noir,,,,,,,,,,,,,,,,,,,,,,,,,https://raw.githubusercontent.com/notSaiful/journaly/main/public/images/journal-guided-noir-shelf.jpg,4,The Contour Diary angle 4 - JOURNALY,,,,,,,,,,,,,,,,,,,
5-minutes-guided-diary-contour-noir,,,,,,,,,,,,,,,,,,,,,,,,,https://raw.githubusercontent.com/notSaiful/journaly/main/public/images/journal-guided-noir-laying.jpg,5,The Contour Diary angle 5 - JOURNALY,,,,,,,,,,,,,,,,,,,
5-minutes-gratitude-journal-sage-botanical,The Sage Botanica — 5-Minute Habit Journal,"<p><strong>Let your gratitude be louder than your worries today.</strong></p>
<p>Let your gratitude be louder than your worries today. Five gentle minutes to train your mind toward calm contentment and preserve the joys that fade from memory.</p>

<h3>IntelligentLab Research Highlight</h3>
<p><em>9/10 people successfully sustain a daily reflection practice using this framework.</em> Grounded prompts train your mind to notice what is already working well before the day disappears.</p>

<h3>Key Benefits</h3>
<ul>
  <li><strong>Shifts Focus from Stress to Contentment:</strong> Trains your attention to notice small good moments every day rather than dwelling on what went wrong.</li>
  <li><strong>Effortless 5-Minute Routine:</strong> Short, grounded prompts that fit into chai time or right before turning off the lights.</li>
  <li><strong>Emotional Resilience:</strong> Proven to lower end-of-day burnout and bring mental groundedness during hectic weeks.</li>
  <li><strong>Keeps Memories Alive:</strong> Preserves the simple joys with family, friends, and everyday life that fade from memory.</li>
</ul>

<h3>Specifications</h3>
<ul>
  <li><strong>Daily Commitment:</strong> Just 5 Minutes (Morning & Evening)</li>
  <li><strong>Primary Benefit:</strong> Relieves daily mental stress & anchors daily gratitude</li>
  <li><strong>Habit Success Rate:</strong> 9 out of 10 people sustain a consistent reflection habit</li>
  <li><strong>Prompt System:</strong> IntelligentLab gratitude framework for effortless reflection</li>
  <li><strong>Keepsake Value:</strong> Captures half a year of meaningful personal memories</li>
  <li><strong>Peace of Mind:</strong> Hassle-Free 7-Day Returns</li>
</ul>

<h3>Features</h3>
<ul>
  <li>IntelligentLab research-backed questions that make gratitude easy and natural</li>
  <li>9/10 users build a consistent daily habit without skipping or burnout</li>
  <li>Morning: Notice three small things already good & set your mindset</li>
  <li>Evening: Capture what made today memorable and release fatigue</li>
  <li>Creates a soothing pocket of calm in your daily schedule</li>
  <li>Lays completely flat on your desk or lap for effortless writing</li>
  <li>Hassle-Free 7-Day Returns if you change your mind</li>
</ul>

<p><strong>Shipping:</strong> Free express courier delivery across India via BlueDart and Delhivery.</p>
<p><strong>Returns:</strong> Hassle-free 7-day returns if you change your mind.</p>",JOURNALY,Office Supplies > Stationery & Notebooks > Notebooks & Notepads,Gratitude Journal,"journal, 5-minute habit, IntelligentLab, gratitude, India, stationery, self-care",true,Title,Default Title,,,,,sage-gratitude-journal,350,shopify,50,deny,manual,349.00,499.00,true,true,,https://raw.githubusercontent.com/notSaiful/journaly/main/public/images/journal-gratitude-sage-front.jpg,1,The Sage Botanica cover - JOURNALY,false,The Sage Botanica (₹349) | JOURNALY,Daily gratitude framework by IntelligentLab for habit building & mental peace. Free express delivery across India with 7-day returns.,,,,,new,,,,,,,,g,,,active
5-minutes-gratitude-journal-sage-botanical,,,,,,,,,,,,,,,,,,,,,,,,,https://raw.githubusercontent.com/notSaiful/journaly/main/public/images/journal-gratitude-sage-coffee-desk.jpg,2,The Sage Botanica angle 2 - JOURNALY,,,,,,,,,,,,,,,,,,,
5-minutes-gratitude-journal-sage-botanical,,,,,,,,,,,,,,,,,,,,,,,,,https://raw.githubusercontent.com/notSaiful/journaly/main/public/images/journal-gratitude-sage-hands.jpg,3,The Sage Botanica angle 3 - JOURNALY,,,,,,,,,,,,,,,,,,,
5-minutes-gratitude-journal-sage-botanical,,,,,,,,,,,,,,,,,,,,,,,,,https://raw.githubusercontent.com/notSaiful/journaly/main/public/images/journal-gratitude-sage-angle.jpg,4,The Sage Botanica angle 4 - JOURNALY,,,,,,,,,,,,,,,,,,,
5-minutes-gratitude-journal-sage-botanical,,,,,,,,,,,,,,,,,,,,,,,,,https://raw.githubusercontent.com/notSaiful/journaly/main/public/images/journal-gratitude-sage-candle.jpg,5,The Sage Botanica angle 5 - JOURNALY,,,,,,,,,,,,,,,,,,,
5-minutes-manifestation-journal-lavender,The Lavender Intention — 5-Minute Habit Journal,"<p><strong>Once you make a decision, the universe conspires to make it happen.</strong></p>
<p>Once you make a decision, the universe conspires to make it happen. Turn abstract desires into daily clarity and self-trust in just 5 intentional minutes.</p>

<h3>IntelligentLab Research Highlight</h3>
<p><em>9/10 people build a lasting habit of daily intentional focus using this framework.</em> Calibrated daily questions cut through scattered mental chatter and anchor your attention on what matters most.</p>

<h3>Key Benefits</h3>
<ul>
  <li><strong>Decisive Daily Focus:</strong> Clears mental fog so you know your exact high-leverage intention before the world distracts you.</li>
  <li><strong>Builds Deep Self-Trust:</strong> Small daily commitments you actually follow through on, creating undeniable proof of your growth.</li>
  <li><strong>Effortless 5-Minute Habit:</strong> Researched prompts eliminate blank-page dread so reflection feels natural and rewarding.</li>
  <li><strong>Your Real Journey Preserved:</strong> An enduring keepsake of the dreams, decisions, and milestones that shaped your year.</li>
</ul>

<h3>Specifications</h3>
<ul>
  <li><strong>Daily Commitment:</strong> Just 5 Minutes Daily</li>
  <li><strong>Primary Benefit:</strong> Turns intentions into daily momentum & builds self-trust</li>
  <li><strong>Habit Success Rate:</strong> 9 out of 10 people build lasting consistency without burnout</li>
  <li><strong>Prompt System:</strong> IntelligentLab researched questions that remove blank-page dread</li>
  <li><strong>Keepsake Value:</strong> Preserves 6 months of your personal breakthroughs and growth</li>
  <li><strong>Peace of Mind:</strong> Hassle-Free 7-Day Returns</li>
</ul>

<h3>Features</h3>
<ul>
  <li>Questions inside developed by IntelligentLab to eliminate blank-page dread</li>
  <li>9/10 people build a lasting daily habit with this 5-minute format</li>
  <li>Morning: Align your focus, declare your intention, and take grounded action</li>
  <li>Evening: Acknowledge daily wins and release fatigue</li>
  <li>Eliminates overwhelm and brings crisp mental direction</li>
  <li>180° lay-flat design for comfortable writing</li>
  <li>Hassle-Free 7-Day Returns if you change your mind</li>
</ul>

<p><strong>Shipping:</strong> Free express courier delivery across India via BlueDart and Delhivery.</p>
<p><strong>Returns:</strong> Hassle-free 7-day returns if you change your mind.</p>",JOURNALY,Office Supplies > Stationery & Notebooks > Notebooks & Notepads,Manifestation Journal,"journal, 5-minute habit, IntelligentLab, manifestation, India, stationery, self-care",true,Title,Default Title,,,,,lavender-manifestation-journal,350,shopify,50,deny,manual,499.00,699.00,true,true,,https://raw.githubusercontent.com/notSaiful/journaly/main/public/images/journal-manifest-lavender-front.jpg,1,The Lavender Intention cover - JOURNALY,false,The Lavender Intention (₹499) | JOURNALY,Daily focus & intention questions provided by IntelligentLab to build self-trust and momentum. Free express delivery across India with 7-day returns.,,,,,new,,,,,,,,g,,,active
5-minutes-manifestation-journal-lavender,,,,,,,,,,,,,,,,,,,,,,,,,https://raw.githubusercontent.com/notSaiful/journaly/main/public/images/journal-manifest-lavender-angle.jpg,2,The Lavender Intention angle 2 - JOURNALY,,,,,,,,,,,,,,,,,,,
5-minutes-manifestation-journal-lavender,,,,,,,,,,,,,,,,,,,,,,,,,https://raw.githubusercontent.com/notSaiful/journaly/main/public/images/journal-manifest-lavender-hands.jpg,3,The Lavender Intention angle 3 - JOURNALY,,,,,,,,,,,,,,,,,,,
5-minutes-manifestation-journal-lavender,,,,,,,,,,,,,,,,,,,,,,,,,https://raw.githubusercontent.com/notSaiful/journaly/main/public/images/journal-manifest-lavender-flatlay.jpg,4,The Lavender Intention angle 4 - JOURNALY,,,,,,,,,,,,,,,,,,,
5-minutes-manifestation-journal-lavender,,,,,,,,,,,,,,,,,,,,,,,,,https://raw.githubusercontent.com/notSaiful/journaly/main/public/images/journal-manifest-lavender-stand.jpg,5,The Lavender Intention angle 5 - JOURNALY,,,,,,,,,,,,,,,,,,,